,000300.XSHG,000001.XSHG,399001.XSHE,399006.XSHE,399018.XSHE
0,600498.XSHG,600498.XSHG,002353.XSHE,300253.XSHE,300253.XSHE
1,601099.XSHG,603066.XSHG,300142.XSHE,300113.XSHE,300113.XSHE
2,000100.XSHE,601997.XSHG,300324.XSHE,300142.XSHE,300324.XSHE
3,000568.XSHE,600728.XSHG,300037.XSHE,300274.XSHE,300274.XSHE
4,002074.XSHE,600208.XSHG,000860.XSHE,300324.XSHE,300037.XSHE
5,000959.XSHE,603042.XSHG,002624.XSHE,300159.XSHE,300353.XSHE
6,600208.XSHG,600076.XSHG,000001.XSHE,300618.XSHE,300166.XSHE
7,000060.XSHE,600288.XSHG,002439.XSHE,300166.XSHE,300367.XSHE
8,601997.XSHG,600775.XSHG,300377.XSHE,300367.XSHE,300431.XSHE
9,000898.XSHE,600353.XSHG,300273.XSHE,300409.XSHE,300178.XSHE
10,600688.XSHG,603166.XSHG,300364.XSHE,300431.XSHE,300007.XSHE
11,601163.XSHG,601137.XSHG,000089.XSHE,300010.XSHE,300212.XSHE
12,600739.XSHG,603993.XSHG,000848.XSHE,300212.XSHE,300439.XSHE
13,600406.XSHG,601388.XSHG,002011.XSHE,300116.XSHE,300381.XSHE
14,600104.XSHG,600685.XSHG,002236.XSHE,300284.XSHE,300284.XSHE
15,601919.XSHG,600026.XSHG,300033.XSHE,300433.XSHE,300433.XSHE
16,600188.XSHG,600976.XSHG,000822.XSHE,300377.XSHE,300219.XSHE
17,002624.XSHE,600889.XSHG,000158.XSHE,300098.XSHE,300482.XSHE
18,002508.XSHE,600648.XSHG,000564.XSHE,300364.XSHE,300098.XSHE
19,601989.XSHG,600836.XSHG,002073.XSHE,300676.XSHE,300033.XSHE
20,600919.XSHG,603798.XSHG,300026.XSHE,300033.XSHE,300130.XSHE
21,000503.XSHE,603289.XSHG,002405.XSHE,300148.XSHE,300351.XSHE
22,600804.XSHG,603198.XSHG,300315.XSHE,300136.XSHE,300213.XSHE
23,600570.XSHG,600522.XSHG,300352.XSHE,300498.XSHE,300520.XSHE
24,600362.XSHG,603156.XSHG,002410.XSHE,300026.XSHE,300136.XSHE
25,000001.XSHE,600874.XSHG,002572.XSHE,300144.XSHE,300194.XSHE
26,000008.XSHE,600094.XSHG,000902.XSHE,300315.XSHE,300026.XSHE
27,601225.XSHG,600356.XSHG,002153.XSHE,300383.XSHE,300288.XSHE
28,601633.XSHG,603301.XSHG,300055.XSHE,300055.XSHE,300352.XSHE
29,002024.XSHE,601877.XSHG,000990.XSHE,300070.XSHE,300206.XSHE
30,002174.XSHE,603817.XSHG,002640.XSHE,300355.XSHE,300070.XSHE
31,000402.XSHE,601333.XSHG,000002.XSHE,300463.XSHE,300048.XSHE
32,600170.XSHG,603683.XSHG,000018.XSHE,300222.XSHE,300119.XSHE
33,600332.XSHG,600455.XSHG,000620.XSHE,300558.XSHE,300326.XSHE
34,603993.XSHG,600251.XSHG,002131.XSHE,300015.XSHE,300102.XSHE
35,000725.XSHE,600731.XSHG,002594.XSHE,300474.XSHE,300407.XSHE
36,600685.XSHG,603025.XSHG,002602.XSHE,300072.XSHE,300463.XSHE
37,600089.XSHG,603809.XSHG,002035.XSHE,300317.XSHE,300222.XSHE
38,601992.XSHG,600558.XSHG,002043.XSHE,300053.XSHE,300012.XSHE
39,600221.XSHG,603882.XSHG,002155.XSHE,300197.XSHE,300079.XSHE
40,000876.XSHE,603991.XSHG,000981.XSHE,300294.XSHE,300558.XSHE
41,002236.XSHE,600173.XSHG,300185.XSHE,300145.XSHE,300523.XSHE
42,601866.XSHG,600012.XSHG,002308.XSHE,300347.XSHE,300246.XSHE
43,300033.XSHE,600782.XSHG,002249.XSHE,300459.XSHE,300298.XSHE
44,600704.XSHG,603648.XSHG,002555.XSHE,300073.XSHE,300567.XSHE
45,000686.XSHE,603803.XSHG,000878.XSHE,300679.XSHE,300197.XSHE
46,601878.XSHG,600794.XSHG,000895.XSHE,300134.XSHE,300294.XSHE
47,300136.XSHE,603158.XSHG,000156.XSHE,300207.XSHE,300145.XSHE
48,600008.XSHG,600293.XSHG,002127.XSHE,300296.XSHE,300043.XSHE
49,002310.XSHE,600303.XSHG,300053.XSHE,300244.XSHE,300101.XSHE
50,601117.XSHG,603017.XSHG,002797.XSHE,300413.XSHE,300075.XSHE
51,000063.XSHE,603559.XSHG,002466.XSHE,300168.XSHE,300207.XSHE
52,002468.XSHE,600561.XSHG,000591.XSHE,300014.XSHE,300296.XSHE
53,600372.XSHG,600085.XSHG,002415.XSHE,300323.XSHE,300104.XSHE
54,601390.XSHG,603126.XSHG,300347.XSHE,300090.XSHE,300168.XSHE
55,300144.XSHE,603089.XSHG,002437.XSHE,300088.XSHE,300229.XSHE
56,000415.XSHE,603878.XSHG,002292.XSHE,300038.XSHE,300014.XSHE
57,300315.XSHE,603958.XSHG,300073.XSHE,300203.XSHE,300323.XSHE
58,002027.XSHE,600859.XSHG,300075.XSHE,300199.XSHE,300203.XSHE
59,000338.XSHE,601958.XSHG,002285.XSHE,300418.XSHE,300202.XSHE
60,002558.XSHE,603848.XSHG,000031.XSHE,300115.XSHE,300199.XSHE
61,600276.XSHG,603321.XSHG,000690.XSHE,300003.XSHE,300267.XSHE
62,601939.XSHG,600869.XSHG,002108.XSHE,300027.XSHE,300115.XSHE
63,601898.XSHG,603928.XSHG,002384.XSHE,300257.XSHE,300003.XSHE
64,600900.XSHG,600121.XSHG,300134.XSHE,300308.XSHE,300450.XSHE
65,000625.XSHE,603315.XSHG,002501.XSHE,300156.XSHE,300457.XSHE
66,600999.XSHG,601888.XSHG,002123.XSHE,300180.XSHE,300369.XSHE
67,601169.XSHG,600297.XSHG,000709.XSHE,300450.XSHE,300271.XSHE
68,600068.XSHG,601789.XSHG,300244.XSHE,300118.XSHE,300182.XSHE
69,002572.XSHE,603138.XSHG,002276.XSHE,300017.XSHE,300017.XSHE
70,600795.XSHG,600299.XSHG,002354.XSHE,300182.XSHE,300250.XSHE
71,600157.XSHG,600699.XSHG,002670.XSHE,300266.XSHE,300188.XSHE
72,601118.XSHG,600615.XSHG,002221.XSHE,300271.XSHE,300001.XSHE
73,600522.XSHG,600519.XSHG,000738.XSHE,300001.XSHE,300171.XSHE
74,000671.XSHE,600444.XSHG,300014.XSHE,300496.XSHE,300297.XSHE
75,000938.XSHE,600428.XSHG,000766.XSHE,300699.XSHE,300496.XSHE
76,000723.XSHE,600419.XSHG,000937.XSHE,300458.XSHE,300216.XSHE
77,300070.XSHE,603528.XSHG,002252.XSHE,300085.XSHE,300458.XSHE
78,600705.XSHG,600547.XSHG,000869.XSHE,300058.XSHE,300085.XSHE
79,002153.XSHE,603679.XSHG,000066.XSHE,300077.XSHE,300358.XSHE
80,600030.XSHG,600329.XSHG,000090.XSHE,300628.XSHE,300009.XSHE
81,600309.XSHG,603996.XSHG,002739.XSHE,300009.XSHE,300024.XSHE
82,601216.XSHG,603360.XSHG,002092.XSHE,300310.XSHE,300002.XSHE
83,600588.XSHG,600054.XSHG,000333.XSHE,300024.XSHE,300339.XSHE
84,002831.XSHE,601016.XSHG,300115.XSHE,300002.XSHE,300370.XSHE
85,600893.XSHG,603579.XSHG,000539.XSHE,300133.XSHE,300552.XSHE
86,601211.XSHG,600170.XSHG,000006.XSHE,300068.XSHE,300078.XSHE
87,002304.XSHE,600717.XSHG,300266.XSHE,300078.XSHE,300368.XSHE
88,000069.XSHE,603006.XSHG,300001.XSHE,300170.XSHE,300327.XSHE
89,000002.XSHE,600884.XSHG,000039.XSHE,300146.XSHE,300170.XSHE
90,002294.XSHE,600692.XSHG,000830.XSHE,300408.XSHE,300396.XSHE
91,002594.XSHE,600633.XSHG,000600.XSHE,300020.XSHE,300316.XSHE
92,002602.XSHE,603690.XSHG,000513.XSHE,300316.XSHE,300018.XSHE
93,600271.XSHG,600605.XSHG,002241.XSHE,300285.XSHE,300447.XSHE
94,600895.XSHG,603656.XSHG,000776.XSHE,300059.XSHE,300287.XSHE
95,002385.XSHE,600331.XSHG,000401.XSHE,300122.XSHE,300124.XSHE
96,600016.XSHG,600008.XSHG,300458.XSHE,300083.XSHE,300232.XSHE
97,600023.XSHG,600138.XSHG,300058.XSHE,300124.XSHE,300036.XSHE
98,600015.XSHG,601390.XSHG,000612.XSHE,300287.XSHE,300292.XSHE
99,601857.XSHG,600155.XSHG,002261.XSHE,300251.XSHE,300183.XSHE
100,600066.XSHG,600643.XSHG,002303.XSHE,,
101,601333.XSHG,600822.XSHG,000558.XSHE,,
102,600036.XSHG,600679.XSHG,000825.XSHE,,
103,601618.XSHG,601952.XSHG,000413.XSHE,,
104,601018.XSHG,601933.XSHG,002195.XSHE,,
105,601669.XSHG,603336.XSHG,002055.XSHE,,
106,601228.XSHG,603080.XSHG,000999.XSHE,,
107,600196.XSHG,601111.XSHG,000587.XSHE,,
108,002460.XSHE,603045.XSHG,002400.XSHE,,
109,601933.XSHG,603728.XSHG,002421.XSHE,,
110,002555.XSHE,600019.XSHG,002411.XSHE,,
111,600021.XSHG,603637.XSHG,002642.XSHE,,
112,000792.XSHE,600100.XSHG,000592.XSHE,,
113,600674.XSHG,600438.XSHG,000969.XSHE,,
114,601985.XSHG,600748.XSHG,002129.XSHE,,
115,600352.XSHG,600552.XSHG,002230.XSHE,,
116,600038.XSHG,600716.XSHG,300291.XSHE,,
117,300015.XSHE,600787.XSHG,002044.XSHE,,
118,002465.XSHE,600033.XSHG,000778.XSHE,,
119,600649.XSHG,603085.XSHG,002470.XSHE,,
120,000895.XSHE,603167.XSHG,000717.XSHE,,
121,002065.XSHE,600376.XSHG,000732.XSHE,,
122,002841.XSHE,603058.XSHG,000930.XSHE,,
123,300072.XSHE,600467.XSHG,002695.XSHE,,
124,000166.XSHE,601968.XSHG,002371.XSHE,,
125,601111.XSHG,600050.XSHG,002489.XSHE,,
126,000627.XSHE,603258.XSHG,002085.XSHE,,
127,002797.XSHE,600161.XSHG,000617.XSHE,,
128,601155.XSHG,600152.XSHG,300251.XSHE,,
129,601229.XSHG,603787.XSHG,002244.XSHE,,
130,601718.XSHG,600156.XSHG,000568.XSHE,,
131,002466.XSHE,603536.XSHG,002074.XSHE,,
132,002415.XSHE,603869.XSHG,000959.XSHE,,
133,600019.XSHG,600686.XSHG,000060.XSHE,,
134,601611.XSHG,601019.XSHG,300113.XSHE,,
135,600028.XSHG,603778.XSHG,000898.XSHE,,
136,002426.XSHE,600992.XSHG,300618.XSHE,,
137,600340.XSHG,603200.XSHG,000049.XSHE,,
138,002292.XSHE,603177.XSHG,000680.XSHE,,
139,002146.XSHE,600742.XSHG,002491.XSHE,,
140,002500.XSHE,600636.XSHG,300367.XSHE,,
141,002202.XSHE,601881.XSHG,002508.XSHE,,
142,601818.XSHG,600355.XSHG,000960.XSHE,,
143,002601.XSHE,603659.XSHG,000980.XSHE,,
144,600100.XSHG,600580.XSHG,002311.XSHE,,
145,601166.XSHG,600172.XSHG,002176.XSHE,,
146,002736.XSHE,600721.XSHG,300506.XSHE,,
147,601318.XSHG,601006.XSHG,000507.XSHE,,
148,600518.XSHG,603678.XSHG,000686.XSHE,,
149,002475.XSHE,600505.XSHG,002340.XSHE,,
150,600011.XSHG,600279.XSHG,002383.XSHE,,
151,600383.XSHG,600567.XSHG,000703.XSHE,,
152,601988.XSHG,601766.XSHG,300498.XSHE,,
153,000425.XSHE,600403.XSHG,000063.XSHE,,
154,002714.XSHE,600088.XSHG,002468.XSHE,,
155,000709.XSHE,601020.XSHG,002027.XSHE,,
156,600637.XSHG,600189.XSHG,002558.XSHE,,
157,600741.XSHG,600823.XSHG,000799.XSHE,,
158,601009.XSHG,600190.XSHG,000426.XSHE,,
159,601398.XSHG,601225.XSHG,000671.XSHE,,
160,600482.XSHG,603600.XSHG,000687.XSHE,,
161,002673.XSHE,603499.XSHG,000723.XSHE,,
162,000540.XSHE,603829.XSHG,002773.XSHE,,
163,000738.XSHE,603113.XSHG,000926.XSHE,,
164,001979.XSHE,601588.XSHG,002709.XSHE,,
165,000963.XSHE,603860.XSHG,002304.XSHE,,
166,601600.XSHG,600763.XSHG,000061.XSHE,,
167,002456.XSHE,603685.XSHG,000807.XSHE,,
168,000423.XSHE,603018.XSHG,300463.XSHE,,
169,000768.XSHE,603619.XSHG,300222.XSHE,,
170,002352.XSHE,603103.XSHG,002089.XSHE,,
171,601375.XSHG,603680.XSHG,002460.XSHE,,
172,600816.XSHG,600252.XSHG,000667.XSHE,,
173,002252.XSHE,601139.XSHG,300304.XSHE,,
174,600085.XSHG,600271.XSHG,002664.XSHE,,
175,600887.XSHG,603458.XSHG,300474.XSHE,,
176,601877.XSHG,603661.XSHG,002280.XSHE,,
177,002081.XSHE,600873.XSHG,000627.XSHE,,
178,002450.XSHE,603558.XSHG,300145.XSHE,,
179,601668.XSHG,600352.XSHG,000615.XSHE,,
180,002608.XSHE,600769.XSHG,002146.XSHE,,
181,002739.XSHE,603966.XSHG,002500.XSHE,,
182,600977.XSHG,603897.XSHG,000547.XSHE,,
183,601872.XSHG,601699.XSHG,000933.XSHE,,
184,601966.XSHG,601098.XSHG,002202.XSHE,,
185,000333.XSHE,603139.XSHG,002736.XSHE,,
186,601688.XSHG,601339.XSHG,000729.XSHE,,
187,300003.XSHE,600637.XSHG,002699.XSHE,,
188,601328.XSHG,601988.XSHG,300296.XSHE,,
189,600376.XSHG,600741.XSHG,000877.XSHE,,
190,601899.XSHG,603516.XSHG,002745.XSHE,,
191,300027.XSHE,603586.XSHG,000596.XSHE,,
192,000783.XSHE,600377.XSHG,002004.XSHE,,
193,600153.XSHG,603378.XSHG,002444.XSHE,,
194,601901.XSHG,603218.XSHG,000963.XSHE,,
195,600018.XSHG,601002.XSHG,000423.XSHE,,
196,600485.XSHG,600771.XSHG,002399.XSHE,,
197,600373.XSHG,603701.XSHG,000768.XSHE,,
198,603160.XSHG,600237.XSHG,002648.XSHE,,
199,601788.XSHG,603269.XSHG,002542.XSHE,,
200,300017.XSHE,603838.XSHG,002081.XSHE,,
201,600050.XSHG,600131.XSHG,300038.XSHE,,
202,600118.XSHG,600449.XSHG,300203.XSHE,,
203,600535.XSHG,603737.XSHG,002434.XSHE,,
204,600660.XSHG,603366.XSHG,002600.XSHE,,
205,601607.XSHG,600589.XSHG,300257.XSHE,,
206,002007.XSHE,603238.XSHG,002482.XSHE,,
207,600048.XSHG,600111.XSHG,300156.XSHE,,
208,600390.XSHG,600416.XSHG,002147.XSHE,,
209,600827.XSHG,600658.XSHG,002390.XSHE,,
210,000559.XSHE,600808.XSHG,000997.XSHE,,
211,000839.XSHE,603667.XSHG,000559.XSHE,,
212,601012.XSHG,603638.XSHG,002413.XSHE,,
213,601377.XSHG,603816.XSHG,002019.XSHE,,
214,002008.XSHE,600143.XSHG,300216.XSHE,,
215,600010.XSHG,600583.XSHG,000563.XSHE,,
216,600489.XSHG,600233.XSHG,000718.XSHE,,
217,601608.XSHG,601021.XSHG,002183.XSHE,,
218,601958.XSHG,600663.XSHG,000977.XSHE,,
219,600111.XSHG,600623.XSHG,000040.XSHE,,
220,002142.XSHE,603501.XSHG,300085.XSHE,,
221,601601.XSHG,600707.XSHG,000538.XSHE,,
222,000623.XSHE,603030.XSHG,002493.XSHE,,
223,600061.XSHG,600139.XSHG,000012.XSHE,,
224,000651.XSHE,600396.XSHG,300077.XSHE,,
225,002241.XSHE,600926.XSHG,000998.XSHE,,
226,000776.XSHE,601028.XSHG,000983.XSHE,,
227,600009.XSHG,600195.XSHG,300628.XSHE,,
228,600690.XSHG,600800.XSHG,002440.XSHE,,
229,000538.XSHE,603825.XSHG,300310.XSHE,,
230,000961.XSHE,601989.XSHG,002041.XSHE,,
231,601288.XSHG,603588.XSHG,002479.XSHE,,
232,603858.XSHG,601918.XSHG,002716.XSHE,,
233,601336.XSHG,600530.XSHG,000046.XSHE,,
234,600820.XSHG,600532.XSHG,000728.XSHE,,
235,000413.XSHE,600478.XSHG,002284.XSHE,,
236,600837.XSHG,601666.XSHG,002091.XSHE,,
237,000983.XSHE,600323.XSHG,300068.XSHE,,
238,601991.XSHG,600104.XSHG,002325.XSHE,,
239,600606.XSHG,600525.XSHG,300078.XSHE,,
240,601888.XSHG,601231.XSHG,002326.XSHE,,
241,600297.XSHG,600804.XSHG,000751.XSHE,,
242,600909.XSHG,603725.XSHG,002429.XSHE,,
243,300024.XSHE,600963.XSHG,000800.XSHE,,
244,600958.XSHG,603367.XSHG,002023.XSHE,,
245,000826.XSHE,603316.XSHG,300146.XSHE,,
246,000728.XSHE,603359.XSHG,300408.XSHE,,
247,002411.XSHE,600704.XSHG,002424.XSHE,,
248,600585.XSHG,600197.XSHG,300359.XSHE,,
249,601186.XSHG,601969.XSHG,002030.XSHE,,
250,600583.XSHG,600526.XSHG,000858.XSHE,,
251,601800.XSHG,600653.XSHG,000400.XSHE,,
252,600233.XSHG,603009.XSHG,300020.XSHE,,
253,601021.XSHG,603556.XSHG,300316.XSHE,,
254,600663.XSHG,603500.XSHG,002563.XSHE,,
255,600177.XSHG,600409.XSHG,300059.XSHE,,
256,600549.XSHG,600371.XSHG,002217.XSHE,,
257,002230.XSHE,600677.XSHG,300036.XSHE,,
258,600519.XSHG,600600.XSHG,300253.XSHE,,
259,601881.XSHG,601228.XSHG,000100.XSHE,,
260,600109.XSHG,600985.XSHG,000021.XSHE,,
261,600415.XSHG,600487.XSHG,002477.XSHE,,
262,600682.XSHG,603896.XSHG,002358.XSHE,,
263,600959.XSHG,603129.XSHG,300159.XSHE,,
264,601555.XSHG,600610.XSHG,000973.XSHE,,
265,603799.XSHG,600711.XSHG,000786.XSHE,,
266,600703.XSHG,603181.XSHG,002389.XSHE,,
267,002839.XSHE,603398.XSHG,002422.XSHE,,
268,002424.XSHE,603165.XSHG,002047.XSHE,,
269,002044.XSHE,601128.XSHG,002643.XSHE,,
270,000750.XSHE,600287.XSHG,300010.XSHE,,
271,600219.XSHG,600689.XSHG,000503.XSHE,,
272,000157.XSHE,603335.XSHG,002506.XSHE,,
273,600926.XSHG,600888.XSHG,000543.XSHE,,
274,600000.XSHG,603997.XSHG,300212.XSHE,,
275,000630.XSHE,600433.XSHG,002024.XSHE,,
276,600369.XSHG,600847.XSHG,002174.XSHE,,
277,002470.XSHE,600336.XSHG,000402.XSHE,,
278,000858.XSHE,603183.XSHG,002635.XSHE,,
279,601198.XSHG,603389.XSHG,300116.XSHE,,
280,601088.XSHG,600891.XSHG,002145.XSHE,,
281,600547.XSHG,600203.XSHG,300433.XSHE,,
282,601628.XSHG,600759.XSHG,002010.XSHE,,
283,603833.XSHG,600638.XSHG,002245.XSHE,,
284,300059.XSHE,600624.XSHG,000887.XSHE,,
285,600029.XSHG,603866.XSHG,002180.XSHE,,
286,600436.XSHG,600531.XSHG,000975.XSHE,,
287,600886.XSHG,600996.XSHG,002681.XSHE,,
288,600115.XSHG,600259.XSHG,000028.XSHE,,
289,600031.XSHG,603779.XSHG,002310.XSHE,,
290,300122.XSHE,600706.XSHG,002038.XSHE,,
291,601006.XSHG,600354.XSHG,002512.XSHE,,
292,300124.XSHE,603007.XSHG,000988.XSHE,,
293,601212.XSHG,600577.XSHG,000009.XSHE,,
294,300251.XSHE,603909.XSHG,002375.XSHE,,
295,601727.XSHG,603895.XSHG,000938.XSHE,,
296,601998.XSHG,600343.XSHG,002051.XSHE,,
297,601766.XSHG,600784.XSHG,300070.XSHE,,
298,,600630.XSHG,300383.XSHE,,
299,,600814.XSHG,002831.XSHE,,
300,,603377.XSHG,000069.XSHE,,
301,,600774.XSHG,002294.XSHE,,
302,,600415.XSHG,002385.XSHE,,
303,,603799.XSHG,002373.XSHE,,
304,,600855.XSHG,002396.XSHE,,
305,,600543.XSHG,002191.XSHE,,
306,,600614.XSHG,002078.XSHE,,
307,,601126.XSHG,002237.XSHE,,
308,,600512.XSHG,300079.XSHE,,
309,,600115.XSHG,002465.XSHE,,
310,,600590.XSHG,000901.XSHE,,
311,,600765.XSHG,000801.XSHE,,
312,,600126.XSHG,300294.XSHE,,
313,,603595.XSHG,002431.XSHE,,
314,,600834.XSHG,300459.XSHE,,
315,,603766.XSHG,002049.XSHE,,
316,,601163.XSHG,002573.XSHE,,
317,,600755.XSHG,000957.XSHE,,
318,,603036.XSHG,002359.XSHE,,
319,,600055.XSHG,002475.XSHE,,
320,,600362.XSHG,000425.XSHE,,
321,,603229.XSHG,300157.XSHE,,
322,,600790.XSHG,000881.XSHE,,
323,,600988.XSHG,002242.XSHE,,
324,,600647.XSHG,002673.XSHE,,
325,,601992.XSHG,000516.XSHE,,
326,,600375.XSHG,300168.XSHE,,
327,,601928.XSHG,000540.XSHE,,
328,,600838.XSHG,001979.XSHE,,
329,,600883.XSHG,002456.XSHE,,
330,,600372.XSHG,002138.XSHE,,
331,,600868.XSHG,300088.XSHE,,
332,,600795.XSHG,002343.XSHE,,
333,,601599.XSHG,000829.XSHE,,
334,,600179.XSHG,300199.XSHE,,
335,,600667.XSHG,300027.XSHE,,
336,,600801.XSHG,000783.XSHE,,
337,,600169.XSHG,002610.XSHE,,
338,,600122.XSHG,300450.XSHE,,
339,,600872.XSHG,002665.XSHE,,
340,,600917.XSHG,300118.XSHE,,
341,,603518.XSHG,300017.XSHE,,
342,,603589.XSHG,300271.XSHE,,
343,,600760.XSHG,002223.XSHE,,
344,,600674.XSHG,002025.XSHE,,
345,,603776.XSHG,002008.XSHE,,
346,,601619.XSHG,002032.XSHE,,
347,,600551.XSHG,000623.XSHE,,
348,,603232.XSHG,002001.XSHE,,
349,,600227.XSHG,000598.XSHE,,
350,,603773.XSHG,002522.XSHE,,
351,,601005.XSHG,002143.XSHE,,
352,,600641.XSHG,300002.XSHE,,
353,,600571.XSHG,300133.XSHE,,
354,,600277.XSHG,000826.XSHE,,
355,,600528.XSHG,002266.XSHE,,
356,,603938.XSHG,000581.XSHE,,
357,,600845.XSHG,000656.XSHE,,
358,,601600.XSHG,002583.XSHE,,
359,,603937.XSHG,002268.XSHE,,
360,,600819.XSHG,000059.XSHE,,
361,,600382.XSHG,002190.XSHE,,
362,,600166.XSHG,300170.XSHE,,
363,,600839.XSHG,002625.XSHE,,
364,,600576.XSHG,000157.XSHE,,
365,,603136.XSHG,002281.XSHE,,
366,,600242.XSHG,000917.XSHE,,
367,,603708.XSHG,002517.XSHE,,
368,,600373.XSHG,300083.XSHE,,
369,,601788.XSHG,002075.XSHE,,
370,,600827.XSHG,002013.XSHE,,
371,,603901.XSHG,002302.XSHE,,
372,,600611.XSHG,002672.XSHE,,
373,,600970.XSHG,300274.XSHE,,
374,,603926.XSHG,002110.XSHE,,
375,,603108.XSHG,300166.XSHE,,
376,,600990.XSHG,002368.XSHE,,
377,,600236.XSHG,300431.XSHE,,
378,,601007.XSHG,002130.XSHE,,
379,,600295.XSHG,000883.XSHE,,
380,,600211.XSHG,000088.XSHE,,
381,,600844.XSHG,002449.XSHE,,
382,,603789.XSHG,000008.XSHE,,
383,,600673.XSHG,000802.XSHE,,
384,,600213.XSHG,300284.XSHE,,
385,,600770.XSHG,000725.XSHE,,
386,,600501.XSHG,000488.XSHE,,
387,,603658.XSHG,300098.XSHE,,
388,,600882.XSHG,002179.XSHE,,
389,,603985.XSHG,000876.XSHE,,
390,,601186.XSHG,000875.XSHE,,
391,,600536.XSHG,002668.XSHE,,
392,,601800.XSHG,300136.XSHE,,
393,,601311.XSHG,002168.XSHE,,
394,,603040.XSHG,300144.XSHE,,
395,,600613.XSHG,000415.XSHE,,
396,,601199.XSHG,002002.XSHE,,
397,,603688.XSHG,000338.XSHE,,
398,,600269.XSHG,002036.XSHE,,
399,,600255.XSHG,002128.XSHE,,
400,,600313.XSHG,000027.XSHE,,
401,,601555.XSHG,000625.XSHE,,
402,,603338.XSHG,000712.XSHE,,
403,,603876.XSHG,000806.XSHE,,
404,,600683.XSHG,002505.XSHE,,
405,,600503.XSHG,300355.XSHE,,
406,,603859.XSHG,000078.XSHE,,
407,,603326.XSHG,000727.XSHE,,
408,,603601.XSHG,002152.XSHE,,
409,,600312.XSHG,002299.XSHE,,
410,,600540.XSHG,000036.XSHE,,
411,,600538.XSHG,000921.XSHE,,
412,,600890.XSHG,002603.XSHE,,
413,,603918.XSHG,000034.XSHE,,
414,,600325.XSHG,000792.XSHE,,
415,,600897.XSHG,300558.XSHE,,
416,,603978.XSHG,300015.XSHE,,
417,,603843.XSHG,002120.XSHE,,
418,,600060.XSHG,002841.XSHE,,
419,,600273.XSHG,002065.XSHE,,
420,,603008.XSHG,002544.XSHE,,
421,,603101.XSHG,300072.XSHE,,
422,,600017.XSHG,002407.XSHE,,
423,,600378.XSHG,000166.XSHE,,
424,,600621.XSHG,002022.XSHE,,
425,,603298.XSHG,002428.XSHE,,
426,,600116.XSHG,300317.XSHE,,
427,,603730.XSHG,300197.XSHE,,
428,,603055.XSHG,002595.XSHE,,
429,,600075.XSHG,300101.XSHE,,
430,,600476.XSHG,002426.XSHE,,
431,,600481.XSHG,000666.XSHE,,
432,,600070.XSHG,002028.XSHE,,
433,,600862.XSHG,002601.XSHE,,
434,,600281.XSHG,002056.XSHE,,
435,,600999.XSHG,300207.XSHE,,
436,,603611.XSHG,002714.XSHE,,
437,,601880.XSHG,300413.XSHE,,
438,,603365.XSHG,000758.XSHE,,
439,,600380.XSHG,002352.XSHE,,
440,,600215.XSHG,300323.XSHE,,
441,,603998.XSHG,000661.XSHE,,
442,,600309.XSHG,000710.XSHE,,
443,,600588.XSHG,002250.XSHE,,
444,,603161.XSHG,300090.XSHE,,
445,,600127.XSHG,002450.XSHE,,
446,,603788.XSHG,002608.XSHE,,
447,,600841.XSHG,002271.XSHE,,
448,,600315.XSHG,002701.XSHE,,
449,,600053.XSHG,000939.XSHE,,
450,,601985.XSHG,002589.XSHE,,
451,,600114.XSHG,300418.XSHE,,
452,,603188.XSHG,002048.XSHE,,
453,,603063.XSHG,300003.XSHE,,
454,,600557.XSHG,002597.XSHE,,
455,,600750.XSHG,002106.XSHE,,
456,,600518.XSHG,000418.XSHE,,
457,,601799.XSHG,300137.XSHE,,
458,,603323.XSHG,002157.XSHE,,
459,,600697.XSHG,002233.XSHE,,
460,,600458.XSHG,300182.XSHE,,
461,,603111.XSHG,000970.XSHE,,
462,,600180.XSHG,002273.XSHE,,
463,,600710.XSHG,002007.XSHE,,
464,,603920.XSHG,000839.XSHE,,
465,,600073.XSHG,300496.XSHE,,
466,,603608.XSHG,002142.XSHE,,
467,,603507.XSHG,002151.XSHE,,
468,,600572.XSHG,000651.XSHE,,
469,,603331.XSHG,000050.XSHE,,
470,,603339.XSHG,000961.XSHE,,
471,,600398.XSHG,002497.XSHE,,
472,,603707.XSHG,300009.XSHE,,
473,,601003.XSHG,000762.XSHE,,
474,,603039.XSHG,002277.XSHE,,
475,,600118.XSHG,300024.XSHE,,
476,,603306.XSHG,002185.XSHE,,
477,,601607.XSHG,000987.XSHE,,
478,,603605.XSHG,000793.XSHE,,
479,,600390.XSHG,000555.XSHE,,
480,,603133.XSHG,000062.XSHE,,
481,,600573.XSHG,002342.XSHE,,
482,,600651.XSHG,002636.XSHE,,
483,,600880.XSHG,002175.XSHE,,
484,,600777.XSHG,002307.XSHE,,
485,,603059.XSHG,002657.XSHE,,
486,,603858.XSHG,002839.XSHE,,
487,,600837.XSHG,002503.XSHE,,
488,,601113.XSHG,000750.XSHE,,
489,,601991.XSHG,000630.XSHE,,
490,,601882.XSHG,002366.XSHE,,
491,,600067.XSHG,002099.XSHE,,
492,,600811.XSHG,000979.XSHE,,
493,,600448.XSHG,002050.XSHE,,
494,,603388.XSHG,300122.XSHE,,
495,,600097.XSHG,300287.XSHE,,
496,,603363.XSHG,300124.XSHE,,
497,,603906.XSHG,000685.XSHE,,
498,,603709.XSHG,002408.XSHE,,
499,,600682.XSHG,,,
500,,600959.XSHG,,,
501,,600365.XSHG,,,
502,,603800.XSHG,,,
503,,601908.XSHG,,,
504,,600425.XSHG,,,
505,,603970.XSHG,,,
506,,603358.XSHG,,,
507,,600351.XSHG,,,
508,,600459.XSHG,,,
509,,600292.XSHG,,,
510,,600359.XSHG,,,
511,,603900.XSHG,,,
512,,601212.XSHG,,,
513,,603818.XSHG,,,
514,,603617.XSHG,,,
515,,601099.XSHG,,,
516,,601218.XSHG,,,
517,,601360.XSHG,,,
518,,603003.XSHG,,,
519,,600500.XSHG,,,
520,,603628.XSHG,,,
521,,603228.XSHG,,,
522,,603396.XSHG,,,
523,,601919.XSHG,,,
524,,603517.XSHG,,,
525,,603329.XSHG,,,
526,,603013.XSHG,,,
527,,601177.XSHG,,,
528,,600792.XSHG,,,
529,,600866.XSHG,,,
530,,600969.XSHG,,,
531,,600592.XSHG,,,
532,,603963.XSHG,,,
533,,601878.XSHG,,,
534,,603348.XSHG,,,
535,,603096.XSHG,,,
536,,603197.XSHG,,,
537,,600201.XSHG,,,
538,,600381.XSHG,,,
539,,600825.XSHG,,,
540,,601965.XSHG,,,
541,,600892.XSHG,,,
542,,603603.XSHG,,,
543,,601118.XSHG,,,
544,,600136.XSHG,,,
545,,603609.XSHG,,,
546,,600183.XSHG,,,
547,,603806.XSHG,,,
548,,600016.XSHG,,,
549,,601008.XSHG,,,
550,,600469.XSHG,,,
551,,603300.XSHG,,,
552,,600619.XSHG,,,
553,,601018.XSHG,,,
554,,603639.XSHG,,,
555,,600243.XSHG,,,
556,,600791.XSHG,,,
557,,600366.XSHG,,,
558,,603533.XSHG,,,
559,,600620.XSHG,,,
560,,601818.XSHG,,,
561,,603239.XSHG,,,
562,,600291.XSHG,,,
563,,601808.XSHG,,,
564,,600178.XSHG,,,
565,,600069.XSHG,,,
566,,600810.XSHG,,,
567,,603283.XSHG,,,
568,,600460.XSHG,,,
569,,603118.XSHG,,,
570,,600135.XSHG,,,
571,,601127.XSHG,,,
572,,601900.XSHG,,,
573,,600998.XSHG,,,
574,,601179.XSHG,,,
575,,600829.XSHG,,,
576,,601668.XSHG,,,
577,,600218.XSHG,,,
578,,603980.XSHG,,,
579,,603385.XSHG,,,
580,,601328.XSHG,,,
581,,600223.XSHG,,,
582,,601858.XSHG,,,
583,,600018.XSHG,,,
584,,601996.XSHG,,,
585,,600282.XSHG,,,
586,,603488.XSHG,,,
587,,600535.XSHG,,,
588,,603933.XSHG,,,
589,,600489.XSHG,,,
590,,600939.XSHG,,,
591,,601000.XSHG,,,
592,,600108.XSHG,,,
593,,600783.XSHG,,,
594,,600177.XSHG,,,
595,,600549.XSHG,,,
596,,601700.XSHG,,,
597,,600080.XSHG,,,
598,,600225.XSHG,,,
599,,600137.XSHG,,,
600,,600369.XSHG,,,
601,,600229.XSHG,,,
602,,603976.XSHG,,,
603,,600622.XSHG,,,
604,,603833.XSHG,,,
605,,600468.XSHG,,,
606,,603311.XSHG,,,
607,,600420.XSHG,,,
608,,603005.XSHG,,,
609,,600789.XSHG,,,
610,,603505.XSHG,,,
611,,601116.XSHG,,,
612,,600429.XSHG,,,
613,,600691.XSHG,,,
614,,600132.XSHG,,,
615,,600919.XSHG,,,
616,,603355.XSHG,,,
617,,600120.XSHG,,,
618,,600560.XSHG,,,
619,,600570.XSHG,,,
620,,601579.XSHG,,,
621,,600687.XSHG,,,
622,,600499.XSHG,,,
623,,600332.XSHG,,,
624,,603199.XSHG,,,
625,,600502.XSHG,,,
626,,600602.XSHG,,,
627,,600618.XSHG,,,
628,,600508.XSHG,,,
629,,603083.XSHG,,,
630,,603067.XSHG,,,
631,,601100.XSHG,,,
632,,600146.XSHG,,,
633,,600030.XSHG,,,
634,,603515.XSHG,,,
635,,600908.XSHG,,,
636,,603633.XSHG,,,
637,,600793.XSHG,,,
638,,600151.XSHG,,,
639,,601326.XSHG,,,
640,,603968.XSHG,,,
641,,603508.XSHG,,,
642,,600158.XSHG,,,
643,,603203.XSHG,,,
644,,600379.XSHG,,,
645,,600875.XSHG,,,
646,,600693.XSHG,,,
647,,601233.XSHG,,,
648,,603278.XSHG,,,
649,,600678.XSHG,,,
650,,603887.XSHG,,,
651,,600616.XSHG,,,
652,,603222.XSHG,,,
653,,603127.XSHG,,,
654,,600509.XSHG,,,
655,,603598.XSHG,,,
656,,600078.XSHG,,,
657,,600482.XSHG,,,
658,,603288.XSHG,,,
659,,600240.XSHG,,,
660,,603131.XSHG,,,
661,,600729.XSHG,,,
662,,600740.XSHG,,,
663,,600887.XSHG,,,
664,,600400.XSHG,,,
665,,603939.XSHG,,,
666,,603086.XSHG,,,
667,,600881.XSHG,,,
668,,601168.XSHG,,,
669,,601677.XSHG,,,
670,,603100.XSHG,,,
671,,600220.XSHG,,,
672,,600141.XSHG,,,
673,,603015.XSHG,,,
674,,600268.XSHG,,,
675,,600048.XSHG,,,
676,,600148.XSHG,,,
677,,601999.XSHG,,,
678,,603712.XSHG,,,
679,,600061.XSHG,,,
680,,601086.XSHG,,,
681,,603157.XSHG,,,
682,,603726.XSHG,,,
683,,603718.XSHG,,,
684,,600854.XSHG,,,
685,,600392.XSHG,,,
686,,600123.XSHG,,,
687,,600216.XSHG,,,
688,,600119.XSHG,,,
689,,600168.XSHG,,,
690,,600644.XSHG,,,
691,,603630.XSHG,,,
692,,600776.XSHG,,,
693,,600584.XSHG,,,
694,,603106.XSHG,,,
695,,601088.XSHG,,,
696,,603357.XSHG,,,
697,,600960.XSHG,,,
698,,600529.XSHG,,,
699,,600527.XSHG,,,
700,,600310.XSHG,,,
701,,603345.XSHG,,,
702,,600929.XSHG,,,
703,,603117.XSHG,,,
704,,600062.XSHG,,,
705,,603019.XSHG,,,
706,,600846.XSHG,,,
707,,600757.XSHG,,,
708,,603828.XSHG,,,
709,,600093.XSHG,,,
710,,600511.XSHG,,,
711,,600322.XSHG,,,
712,,601117.XSHG,,,
713,,601838.XSHG,,,
714,,600470.XSHG,,,
715,,603567.XSHG,,,
716,,603669.XSHG,,,
717,,600713.XSHG,,,
718,,600601.XSHG,,,
719,,601898.XSHG,,,
720,,600779.XSHG,,,
721,,600006.XSHG,,,
722,,601618.XSHG,,,
723,,600021.XSHG,,,
724,,603727.XSHG,,,
725,,600358.XSHG,,,
726,,600272.XSHG,,,
727,,600261.XSHG,,,
728,,600879.XSHG,,,
729,,600056.XSHG,,,
730,,600456.XSHG,,,
731,,600933.XSHG,,,
732,,600746.XSHG,,,
733,,603668.XSHG,,,
734,,603208.XSHG,,,
735,,601009.XSHG,,,
736,,603703.XSHG,,,
737,,600599.XSHG,,,
738,,601188.XSHG,,,
739,,603444.XSHG,,,
740,,600675.XSHG,,,
741,,603722.XSHG,,,
742,,600027.XSHG,,,
743,,600051.XSHG,,,
744,,600466.XSHG,,,
745,,603819.XSHG,,,
746,,603855.XSHG,,,
747,,603260.XSHG,,,
748,,601899.XSHG,,,
749,,603160.XSHG,,,
750,,603936.XSHG,,,
751,,600961.XSHG,,,
752,,600843.XSHG,,,
753,,601377.XSHG,,,
754,,600009.XSHG,,,
755,,603012.XSHG,,,
756,,600743.XSHG,,,
757,,600280.XSHG,,,
758,,600260.XSHG,,,
759,,603421.XSHG,,,
760,,600107.XSHG,,,
761,,603777.XSHG,,,
762,,600864.XSHG,,,
763,,600426.XSHG,,,
764,,603616.XSHG,,,
765,,600764.XSHG,,,
766,,600222.XSHG,,,
767,,600867.XSHG,,,
768,,603369.XSHG,,,
769,,603021.XSHG,,,
770,,600603.XSHG,,,
771,,601369.XSHG,,,
772,,600406.XSHG,,,
773,,601101.XSHG,,,
774,,600815.XSHG,,,
775,,600708.XSHG,,,
776,,603186.XSHG,,,
777,,600057.XSHG,,,
778,,600565.XSHG,,,
779,,603123.XSHG,,,
780,,603568.XSHG,,,
781,,600185.XSHG,,,
782,,603002.XSHG,,,
783,,600064.XSHG,,,
784,,603839.XSHG,,,
785,,600520.XSHG,,,
786,,603386.XSHG,,,
787,,601515.XSHG,,,
788,,600642.XSHG,,,
789,,600812.XSHG,,,
790,,600900.XSHG,,,
791,,600676.XSHG,,,
792,,600865.XSHG,,,
793,,600965.XSHG,,,
794,,600978.XSHG,,,
795,,603259.XSHG,,,
796,,601678.XSHG,,,
797,,603477.XSHG,,,
798,,600893.XSHG,,,
799,,600664.XSHG,,,
800,,600130.XSHG,,,
801,,603767.XSHG,,,
802,,600256.XSHG,,,
803,,600563.XSHG,,,
804,,600566.XSHG,,,
805,,601811.XSHG,,,
806,,601058.XSHG,,,
807,,601616.XSHG,,,
808,,600028.XSHG,,,
809,,603538.XSHG,,,
810,,603383.XSHG,,,
811,,600246.XSHG,,,
812,,600548.XSHG,,,
813,,600983.XSHG,,,
814,,603022.XSHG,,,
815,,600754.XSHG,,,
816,,600753.XSHG,,,
817,,600594.XSHG,,,
818,,600318.XSHG,,,
819,,600326.XSHG,,,
820,,600110.XSHG,,,
821,,603035.XSHG,,,
822,,600348.XSHG,,,
823,,601966.XSHG,,,
824,,603577.XSHG,,,
825,,600506.XSHG,,,
826,,603717.XSHG,,,
827,,600206.XSHG,,,
828,,600463.XSHG,,,
829,,601288.XSHG,,,
830,,600666.XSHG,,,
831,,600330.XSHG,,,
832,,603011.XSHG,,,
833,,603602.XSHG,,,
834,,603989.XSHG,,,
835,,603266.XSHG,,,
836,,603883.XSHG,,,
837,,600462.XSHG,,,
838,,600997.XSHG,,,
839,,600835.XSHG,,,
840,,603088.XSHG,,,
841,,600483.XSHG,,,
842,,600824.XSHG,,,
843,,600000.XSHG,,,
844,,600479.XSHG,,,
845,,601628.XSHG,,,
846,,600885.XSHG,,,
847,,600903.XSHG,,,
848,,600082.XSHG,,,
849,,600593.XSHG,,,
850,,600671.XSHG,,,
851,,601998.XSHG,,,
852,,600368.XSHG,,,
853,,600768.XSHG,,,
854,,603416.XSHG,,,
855,,600477.XSHG,,,
856,,600645.XSHG,,,
857,,603636.XSHG,,,
858,,600461.XSHG,,,
859,,600231.XSHG,,,
860,,600629.XSHG,,,
861,,603738.XSHG,,,
862,,600730.XSHG,,,
863,,600360.XSHG,,,
864,,600975.XSHG,,,
865,,600550.XSHG,,,
866,,600387.XSHG,,,
867,,600125.XSHG,,,
868,,603031.XSHG,,,
869,,600196.XSHG,,,
870,,603318.XSHG,,,
871,,603569.XSHG,,,
872,,600649.XSHG,,,
873,,603000.XSHG,,,
874,,600446.XSHG,,,
875,,603026.XSHG,,,
876,,601718.XSHG,,,
877,,603999.XSHG,,,
878,,603868.XSHG,,,
879,,601500.XSHG,,,
880,,600248.XSHG,,,
881,,600340.XSHG,,,
882,,600162.XSHG,,,
883,,603496.XSHG,,,
884,,600163.XSHG,,,
885,,603566.XSHG,,,
886,,600761.XSHG,,,
887,,601318.XSHG,,,
888,,603663.XSHG,,,
889,,603768.XSHG,,,
890,,601398.XSHG,,,
891,,600980.XSHG,,,
892,,603328.XSHG,,,
893,,600439.XSHG,,,
894,,603043.XSHG,,,
895,,600737.XSHG,,,
896,,600555.XSHG,,,
897,,600490.XSHG,,,
898,,603037.XSHG,,,
899,,600422.XSHG,,,
900,,600497.XSHG,,,
901,,603060.XSHG,,,
902,,600232.XSHG,,,
903,,600346.XSHG,,,
904,,600735.XSHG,,,
905,,603456.XSHG,,,
906,,600063.XSHG,,,
907,,603676.XSHG,,,
908,,600909.XSHG,,,
909,,600993.XSHG,,,
910,,600128.XSHG,,,
911,,600831.XSHG,,,
912,,600826.XSHG,,,
913,,600780.XSHG,,,
914,,603077.XSHG,,,
915,,600987.XSHG,,,
916,,600798.XSHG,,,
917,,600241.XSHG,,,
918,,603227.XSHG,,,
919,,600219.XSHG,,,
920,,600391.XSHG,,,
921,,603912.XSHG,,,
922,,600901.XSHG,,,
923,,600533.XSHG,,,
924,,600367.XSHG,,,
925,,603599.XSHG,,,
926,,600688.XSHG,,,
927,,600083.XSHG,,,
928,,603387.XSHG,,,
929,,603885.XSHG,,,
930,,601222.XSHG,,,
931,,603711.XSHG,,,
932,,600258.XSHG,,,
933,,601633.XSHG,,,
934,,603069.XSHG,,,
935,,603660.XSHG,,,
936,,600089.XSHG,,,
937,,603822.XSHG,,,
938,,603988.XSHG,,,
939,,600876.XSHG,,,
940,,603880.XSHG,,,
941,,600510.XSHG,,,
942,,600276.XSHG,,,
943,,603808.XSHG,,,
944,,600004.XSHG,,,
945,,603041.XSHG,,,
946,,600705.XSHG,,,
947,,600712.XSHG,,,
948,,603929.XSHG,,,
949,,603955.XSHG,,,
950,,603322.XSHG,,,
951,,601211.XSHG,,,
952,,603337.XSHG,,,
953,,600516.XSHG,,,
954,,600015.XSHG,,,
955,,600160.XSHG,,,
956,,601689.XSHG,,,
957,,600036.XSHG,,,
958,,600335.XSHG,,,
959,,601669.XSHG,,,
960,,600720.XSHG,,,
961,,600828.XSHG,,,
962,,600038.XSHG,,,
963,,600386.XSHG,,,
964,,603908.XSHG,,,
965,,600981.XSHG,,,
966,,601566.XSHG,,,
967,,603612.XSHG,,,
968,,603888.XSHG,,,
969,,603319.XSHG,,,
970,,600861.XSHG,,,
971,,600581.XSHG,,,
972,,600575.XSHG,,,
973,,600079.XSHG,,,
974,,601069.XSHG,,,
975,,603917.XSHG,,,
976,,603016.XSHG,,,
977,,600598.XSHG,,,
978,,600011.XSHG,,,
979,,603877.XSHG,,,
980,,600962.XSHG,,,
981,,600488.XSHG,,,
982,,600257.XSHG,,,
983,,600072.XSHG,,,
984,,601518.XSHG,,,
985,,600200.XSHG,,,
986,,600159.XSHG,,,
987,,603027.XSHG,,,
988,,600212.XSHG,,,
989,,600270.XSHG,,,
990,,603698.XSHG,,,
991,,600210.XSHG,,,
992,,600153.XSHG,,,
993,,601011.XSHG,,,
994,,603585.XSHG,,,
995,,601200.XSHG,,,
996,,603506.XSHG,,,
997,,600537.XSHG,,,
998,,600668.XSHG,,,
999,,601012.XSHG,,,
1000,,600283.XSHG,,,
1001,,601368.XSHG,,,
1002,,601608.XSHG,,,
1003,,600410.XSHG,,,
1004,,603696.XSHG,,,
1005,,603268.XSHG,,,
1006,,603393.XSHG,,,
1007,,603368.XSHG,,,
1008,,600579.XSHG,,,
1009,,600230.XSHG,,,
1010,,600025.XSHG,,,
1011,,600690.XSHG,,,
1012,,603309.XSHG,,,
1013,,600317.XSHG,,,
1014,,600650.XSHG,,,
1015,,601336.XSHG,,,
1016,,600606.XSHG,,,
1017,,600167.XSHG,,,
1018,,600395.XSHG,,,
1019,,600958.XSHG,,,
1020,,600262.XSHG,,,
1021,,601366.XSHG,,,
1022,,600597.XSHG,,,
1023,,600320.XSHG,,,
1024,,603890.XSHG,,,
1025,,600936.XSHG,,,
1026,,603606.XSHG,,,
1027,,600751.XSHG,,,
1028,,601567.XSHG,,,
1029,,600039.XSHG,,,
1030,,600029.XSHG,,,
1031,,600020.XSHG,,,
1032,,603721.XSHG,,,
1033,,603233.XSHG,,,
1034,,603056.XSHG,,,
1035,,600739.XSHG,,,
1036,,603010.XSHG,,,
1037,,600736.XSHG,,,
1038,,600199.XSHG,,,
1039,,601890.XSHG,,,
1040,,600496.XSHG,,,
1041,,601595.XSHG,,,
1042,,600559.XSHG,,,
1043,,600657.XSHG,,,
1044,,603801.XSHG,,,
1045,,600495.XSHG,,,
1046,,600860.XSHG,,,
1047,,600719.XSHG,,,
1048,,601949.XSHG,,,
1049,,600848.XSHG,,,
1050,,600306.XSHG,,,
1051,,600175.XSHG,,,
1052,,603196.XSHG,,,
1053,,600418.XSHG,,,
1054,,600982.XSHG,,,
1055,,601216.XSHG,,,
1056,,603879.XSHG,,,
1057,,603889.XSHG,,,
1058,,603811.XSHG,,,
1059,,600071.XSHG,,,
1060,,601857.XSHG,,,
1061,,600066.XSHG,,,
1062,,600184.XSHG,,,
1063,,600129.XSHG,,,
1064,,600818.XSHG,,,
1065,,600523.XSHG,,,
1066,,600307.XSHG,,,
1067,,600486.XSHG,,,
1068,,601229.XSHG,,,
1069,,600723.XSHG,,,
1070,,603699.XSHG,,,
1071,,603960.XSHG,,,
1072,,600302.XSHG,,,
1073,,603856.XSHG,,,
1074,,600971.XSHG,,,
1075,,600661.XSHG,,,
1076,,600568.XSHG,,,
1077,,600681.XSHG,,,
1078,,600007.XSHG,,,
1079,,600333.XSHG,,,
1080,,600802.XSHG,,,
1081,,600617.XSHG,,,
1082,,600186.XSHG,,,
1083,,601872.XSHG,,,
1084,,601688.XSHG,,,
1085,,600308.XSHG,,,
1086,,601010.XSHG,,,
1087,,603580.XSHG,,,
1088,,600081.XSHG,,,
1089,,603555.XSHG,,,
1090,,603308.XSHG,,,
1091,,600485.XSHG,,,
1092,,600652.XSHG,,,
1093,,600393.XSHG,,,
1094,,600316.XSHG,,,
1095,,601601.XSHG,,,
1096,,603607.XSHG,,,
1097,,600809.XSHG,,,
1098,,600191.XSHG,,,
1099,,603178.XSHG,,,
1100,,601038.XSHG,,,
1101,,603987.XSHG,,,
1102,,601886.XSHG,,,
1103,,600758.XSHG,,,
1104,,603665.XSHG,,,
1105,,603535.XSHG,,,
1106,,603578.XSHG,,,
1107,,600298.XSHG,,,
1108,,603159.XSHG,,,
1109,,603076.XSHG,,,
1110,,603689.XSHG,,,
1111,,600350.XSHG,,,
1112,,600694.XSHG,,,
1113,,603098.XSHG,,,
1114,,603797.XSHG,,,
1115,,600773.XSHG,,,
1116,,603861.XSHG,,,
1117,,600031.XSHG,,,
1118,,600077.XSHG,,,
1119,,600101.XSHG,,,
1120,,600718.XSHG,,,
1121,,600117.XSHG,,,
1122,,601727.XSHG,,,
1123,,603959.XSHG,,,
1124,,600587.XSHG,,,
1125,,600655.XSHG,,,
1126,,600187.XSHG,,,
1127,,603313.XSHG,,,
1128,,600311.XSHG,,,
1129,,600724.XSHG,,,
1130,,600756.XSHG,,,
1131,,600851.XSHG,,,
1132,,603557.XSHG,,,
1133,,603729.XSHG,,,
1134,,600715.XSHG,,,
1135,,600738.XSHG,,,
1136,,601939.XSHG,,,
1137,,600521.XSHG,,,
1138,,600894.XSHG,,,
1139,,600337.XSHG,,,
1140,,600284.XSHG,,,
1141,,600068.XSHG,,,
1142,,600157.XSHG,,,
1143,,601169.XSHG,,,
1144,,603527.XSHG,,,
1145,,600984.XSHG,,,
1146,,600995.XSHG,,,
1147,,600857.XSHG,,,
1148,,600235.XSHG,,,
1149,,600023.XSHG,,,
1150,,600609.XSHG,,,
1151,,600562.XSHG,,,
1152,,600863.XSHG,,,
1153,,603090.XSHG,,,
1154,,603099.XSHG,,,
1155,,600662.XSHG,,,
1156,,601155.XSHG,,,
1157,,601611.XSHG,,,
1158,,603886.XSHG,,,
1159,,600569.XSHG,,,
1160,,601166.XSHG,,,
1161,,600290.XSHG,,,
1162,,600090.XSHG,,,
1163,,603677.XSHG,,,
1164,,603733.XSHG,,,
1165,,601001.XSHG,,,
1166,,600816.XSHG,,,
1167,,600217.XSHG,,,
1168,,600977.XSHG,,,
1169,,603615.XSHG,,,
1170,,600491.XSHG,,,
1171,,600626.XSHG,,,
1172,,601158.XSHG,,,
1173,,600517.XSHG,,,
1174,,600035.XSHG,,,
1175,,600249.XSHG,,,
1176,,603826.XSHG,,,
1177,,600660.XSHG,,,
1178,,601208.XSHG,,,
1179,,603429.XSHG,,,
1180,,601107.XSHG,,,
1181,,600328.XSHG,,,
1182,,603898.XSHG,,,
1183,,600266.XSHG,,,
1184,,600830.XSHG,,,
1185,,603519.XSHG,,,
1186,,600796.XSHG,,,
1187,,600898.XSHG,,,
1188,,600745.XSHG,,,
1189,,603033.XSHG,,,
1190,,603320.XSHG,,,
1191,,600635.XSHG,,,
1192,,603626.XSHG,,,
1193,,603813.XSHG,,,
1194,,600698.XSHG,,,
1195,,603986.XSHG,,,
1196,,603029.XSHG,,,
1197,,600037.XSHG,,,
1198,,603977.XSHG,,,
1199,,600805.XSHG,,,
1200,,600979.XSHG,,,
1201,,603686.XSHG,,,
1202,,600966.XSHG,,,
1203,,600436.XSHG,,,
1204,,600545.XSHG,,,
1205,,600853.XSHG,,,
1206,,600345.XSHG,,,
1207,,600744.XSHG,,,
1208,,603079.XSHG,,,
1209,,603286.XSHG,,,
1210,,600319.XSHG,,,
1211,,600363.XSHG,,,
1212,,600188.XSHG,,,
1213,,603168.XSHG,,,
1214,,600267.XSHG,,,
1215,,603226.XSHG,,,
1216,,603028.XSHG,,,
1217,,600714.XSHG,,,
1218,,601777.XSHG,,,
1219,,600239.XSHG,,,
1220,,603081.XSHG,,,
1221,,600098.XSHG,,,
1222,,600052.XSHG,,,
1223,,601801.XSHG,,,
1224,,600515.XSHG,,,
1225,,603303.XSHG,,,
1226,,600833.XSHG,,,
1227,,600327.XSHG,,,
1228,,603618.XSHG,,,
1229,,600435.XSHG,,,
1230,,601717.XSHG,,,
1231,,600095.XSHG,,,
1232,,600226.XSHG,,,
1233,,603823.XSHG,,,
1234,,600895.XSHG,,,
1235,,600803.XSHG,,,
1236,,600797.XSHG,,,
1237,,600546.XSHG,,,
1238,,600086.XSHG,,,
1239,,600628.XSHG,,,
1240,,603757.XSHG,,,
1241,,603223.XSHG,,,
1242,,603299.XSHG,,,
1243,,603038.XSHG,,,
1244,,603979.XSHG,,,
1245,,600480.XSHG,,,
1246,,600781.XSHG,,,
1247,,600595.XSHG,,,
1248,,600973.XSHG,,,
1249,,600370.XSHG,,,
1250,,600207.XSHG,,,
1251,,600383.XSHG,,,
1252,,601108.XSHG,,,
1253,,603078.XSHG,,,
1254,,600578.XSHG,,,
1255,,603596.XSHG,,,
1256,,600986.XSHG,,,
1257,,600058.XSHG,,,
1258,,601828.XSHG,,,
1259,,603466.XSHG,,,
1260,,603380.XSHG,,,
1261,,600858.XSHG,,,
1262,,600850.XSHG,,,
1263,,600112.XSHG,,,
1264,,600022.XSHG,,,
1265,,603399.XSHG,,,
1266,,600300.XSHG,,,
1267,,600967.XSHG,,,
1268,,600010.XSHG,,,
1269,,601636.XSHG,,,
1270,,600305.XSHG,,,
1271,,600766.XSHG,,,
1272,,603916.XSHG,,,
1273,,600585.XSHG,,,
1274,,603189.XSHG,,,
1275,,603881.XSHG,,,
1276,,603169.XSHG,,,
1277,,600278.XSHG,,,
1278,,603871.XSHG,,,
1279,,600507.XSHG,,,
1280,,601226.XSHG,,,
1281,,600103.XSHG,,,
1282,,600493.XSHG,,,
1283,,603116.XSHG,,,
1284,,600096.XSHG,,,
1285,,600639.XSHG,,,
1286,,600099.XSHG,,,
1287,,600389.XSHG,,,
1288,,600596.XSHG,,,
1289,,600405.XSHG,,,
1290,,603520.XSHG,,,
1291,,603110.XSHG,,,
1292,,600165.XSHG,,,
1293,,600250.XSHG,,,
1294,,600684.XSHG,,,
1295,,601929.XSHG,,,
1296,,600221.XSHG,,,
1297,,601866.XSHG,,,
1298,,600856.XSHG,,,
1299,,600192.XSHG,,,
1300,,603214.XSHG,,,
1301,,603225.XSHG,,,
1302,,601015.XSHG,,,
1303,,600285.XSHG,,,
1304,,600695.XSHG,,,
1305,,603969.XSHG,,,
1306,,600105.XSHG,,,
1307,,601519.XSHG,,,
1308,,600722.XSHG,,,
1309,,603919.XSHG,,,
1310,,603716.XSHG,,,
1311,,600133.XSHG,,,
1312,,600452.XSHG,,,
1313,,601258.XSHG,,,
1314,,600059.XSHG,,,
1315,,603356.XSHG,,,
1316,,600821.XSHG,,,
1317,,600734.XSHG,,,
1318,,603032.XSHG,,,
1319,,600171.XSHG,,,
1320,,600582.XSHG,,,
1321,,601106.XSHG,,,
1322,,603179.XSHG,,,
1323,,600176.XSHG,,,
1324,,603128.XSHG,,,
1325,,600665.XSHG,,,
1326,,600361.XSHG,,,
1327,,603305.XSHG,,,
1328,,601375.XSHG,,,
1329,,600388.XSHG,,,
1330,,603758.XSHG,,,
1331,,603020.XSHG,,,
1332,,600586.XSHG,,,
1333,,601901.XSHG,,,
1334,,603903.XSHG,,,
1335,,603990.XSHG,,,
1336,,603180.XSHG,,,
1337,,600726.XSHG,,,
1338,,603655.XSHG,,,
1339,,601238.XSHG,,,
1340,,600338.XSHG,,,
1341,,600106.XSHG,,,
1342,,603277.XSHG,,,
1343,,600727.XSHG,,,
1344,,600640.XSHG,,,
1345,,600820.XSHG,,,
1346,,603333.XSHG,,,
1347,,600604.XSHG,,,
1348,,600475.XSHG,,,
1349,,603001.XSHG,,,
1350,,600339.XSHG,,,
1351,,600084.XSHG,,,
1352,,603330.XSHG,,,
1353,,603899.XSHG,,,
1354,,603023.XSHG,,,
1355,,600109.XSHG,,,
1356,,600702.XSHG,,,
1357,,600703.XSHG,,,
1358,,600113.XSHG,,,
1359,,601198.XSHG,,,
1360,,600513.XSHG,,,
1361,,600612.XSHG,,,
1362,,600886.XSHG,,,
1363,,603050.XSHG,,,
1364,,600785.XSHG,,,
1365,,600385.XSHG,,,
1366,,603922.XSHG,,,
